Workbook

Sheet Leads
A1: Negocio | B1: Tipo | C1: Zona/Barrio | D1: Contacto | E1: Canal | F1: Teléfono/Handle | G1: Etapa | H1: Fecha 1er contacto | I1: Fecha vídeo prueba | J1: Fecha seguimiento | K1: ¿De pago? | L1: Plan | M1: Notas
A2: Bar La Esquina | B2: Restaurante | C2: Malasaña | D2: Marta | E2: WhatsApp | F2: +34 6XX XXX XXX | G2: 2 Brief enviado | H2: 2026-06-15 | J2: 2026-06-19 | K2: No | L2: — | M2: Le interesa el plato estrella
A3: Hotel Lumo | B3: Hotel | C3: Chamberí | D3: Recepción | E3: Instagram | F3: @hotellumo | G3: 1 Nuevo lead | H3: 2026-06-15 | K3: No | L3: — | M3: Visto en IG, sin responder aún
A4: GymBox Centro | B4: Gimnasio | C4: Centro | D4: Dani | E4: Visita | F4: +34 6XX XXX XXX | G4: 5 Entregado | H4: 2026-06-12 | I4: 2026-06-14 | J4: 2026-06-17 | K4: No | L4: — | M4: Le encantó el reel, pendiente cerrar

Sheet Embudo
A1: Carrete — Embudo de ventas
A2: Se actualiza solo según la columna 'Etapa' de la pestaña Leads.
A4: Etapa | B4: Nº | C4: % del total | E4: Métrica clave | F4: Valor
A5: 1 Nuevo lead | B5: =COUNTIF(Leads!$G$2:$G$200,A5) -> 1 | C5: =IFERROR(B5/$B$13,0) -> 0.33333333 | E5: Total leads | F5: =B13 -> 3
A6: 2 Brief enviado | B6: =COUNTIF(Leads!$G$2:$G$200,A6) -> 1 | C6: =IFERROR(B6/$B$13,0) -> 0.33333333 | E6: Vídeos de prueba entregados | F6: =COUNTA(Leads!$I$2:$I$200) -> 1
A7: 3 Recibiendo material | B7: =COUNTIF(Leads!$G$2:$G$200,A7) -> 0 | C7: =IFERROR(B7/$B$13,0) -> 0 | E7: Clientes de pago | F7: =COUNTIF(Leads!$K$2:$K$200,"Sí") -> 0
A8: 4 En edición | B8: =COUNTIF(Leads!$G$2:$G$200,A8) -> 0 | C8: =IFERROR(B8/$B$13,0) -> 0 | E8: Conversión lead → cliente | F8: =IFERROR(F7/F5,0) -> 0
A9: 5 Entregado | B9: =COUNTIF(Leads!$G$2:$G$200,A9) -> 1 | C9: =IFERROR(B9/$B$13,0) -> 0.33333333 | E9: Conversión entrega → pago | F9: =IFERROR(F7/F6,0) -> 0
A10: 6 Pitch venta | B10: =COUNTIF(Leads!$G$2:$G$200,A10) -> 0 | C10: =IFERROR(B10/$B$13,0) -> 0
A11: 7 Cliente recurrente | B11: =COUNTIF(Leads!$G$2:$G$200,A11) -> 0 | C11: =IFERROR(B11/$B$13,0) -> 0
A12: Perdido | B12: =COUNTIF(Leads!$G$2:$G$200,A12) -> 0 | C12: =IFERROR(B12/$B$13,0) -> 0
A13: TOTAL leads | B13: =COUNTA(Leads!$A$2:$A$200) -> 3 | C13: =IFERROR(SUM(C5:C12),0) -> 1
